approach,rouge_1,rouge_2,rouge_l,bertscore_f1,coherence,lexical_diversity
zero_shot_instruct,0.1432434278621329,0.025886555059047786,0.10516713244443023,0.848919153213501,0.30053444061539564,0.9182940860441086
zero_shot_few_shot,0.14105762007615705,0.02474164618587628,0.10442477867052125,0.8481035232543945,0.322896967100991,0.9200354156652734
