{
  "zero_shot_instruct": {
    "rouge1": 0.1432434278621329,
    "rouge2": 0.025886555059047786,
    "rougeL": 0.10516713244443023,
    "rouge1_std": 0.08760841173267915,
    "rouge2_std": 0.03878798192622112,
    "rougeL_std": 0.06222171434774532,
    "bert_precision": 0.8360333442687988,
    "bert_recall": 0.8624523878097534,
    "bert_f1": 0.848919153213501,
    "bert_precision_std": 0.019243769347667694,
    "bert_recall_std": 0.02275187335908413,
    "bert_f1_std": 0.01848587580025196,
    "avg_prediction_length": 56.51145038167939,
    "avg_reference_length": 16.412213740458014,
    "avg_compression_ratio": 5.489389849265509,
    "length_difference_mae": 40.11450381679389,
    "avg_lexical_diversity": 0.9182940860441086,
    "lexical_diversity_std": 0.06742519109313015,
    "avg_coherence": 0.30053444061539564,
    "coherence_std": 0.4199002030940972
  },
  "zero_shot_few_shot": {
    "rouge1": 0.14105762007615705,
    "rouge2": 0.02474164618587628,
    "rougeL": 0.10442477867052125,
    "rouge1_std": 0.09071580278405442,
    "rouge2_std": 0.03994383314806065,
    "rougeL_std": 0.06606370811552106,
    "bert_precision": 0.8360118865966797,
    "bert_recall": 0.8608047366142273,
    "bert_f1": 0.8481035232543945,
    "bert_precision_std": 0.021098343655467033,
    "bert_recall_std": 0.023913690820336342,
    "bert_f1_std": 0.02006220817565918,
    "avg_prediction_length": 54.23664122137404,
    "avg_reference_length": 16.412213740458014,
    "avg_compression_ratio": 5.326750295965394,
    "length_difference_mae": 37.961832061068705,
    "avg_lexical_diversity": 0.9200354156652734,
    "lexical_diversity_std": 0.06915246145590823,
    "avg_coherence": 0.322896967100991,
    "coherence_std": 0.43437447796194095
  }
}