approach,rouge_1,rouge_2,rouge_l,bertscore_f1,coherence,lexical_diversity
zero_shot_instruct,0.17605668128328403,0.03557929871230245,0.13104120500008293,0.8579141497612,0.11930959783864103,0.9342583159818826
zero_shot_few_shot,0.19097888715274744,0.03860189499492121,0.12672102924493808,0.8560328483581543,0.2086661065060171,0.8935536858429328
