approach,rouge_1,rouge_2,rouge_l,bertscore_f1,coherence,lexical_diversity
zero_shot_instruct,0.13843986631784416,0.02410661473008963,0.10216271521254529,0.848787248134613,0.28923269595275497,0.9231131094736502
zero_shot_few_shot,0.13374870003019074,0.021620417924631995,0.0988378233940074,0.8473300337791443,0.302421884977144,0.9228699827935258
