{
  "zero_shot_instruct": {
    "rouge1": 0.13843986631784416,
    "rouge2": 0.02410661473008963,
    "rougeL": 0.10216271521254529,
    "rouge1_std": 0.08857706975380751,
    "rouge2_std": 0.037757645046873664,
    "rougeL_std": 0.06418240915337803,
    "bert_precision": 0.8362088203430176,
    "bert_recall": 0.8620219826698303,
    "bert_f1": 0.848787248134613,
    "bert_precision_std": 0.01899907737970352,
    "bert_recall_std": 0.025689197704195976,
    "bert_f1_std": 0.019904181361198425,
    "avg_prediction_length": 55.597748592870545,
    "avg_reference_length": 15.634146341463415,
    "avg_compression_ratio": 5.278536323050411,
    "length_difference_mae": 39.98236397748593,
    "avg_lexical_diversity": 0.9231131094736502,
    "lexical_diversity_std": 0.06136456540291149,
    "avg_coherence": 0.28923269595275497,
    "coherence_std": 0.4146089969963294
  },
  "zero_shot_few_shot": {
    "rouge1": 0.13374870003019074,
    "rouge2": 0.021620417924631995,
    "rougeL": 0.0988378233940074,
    "rouge1_std": 0.08743125362201515,
    "rouge2_std": 0.035166480696191015,
    "rougeL_std": 0.062345639580039025,
    "bert_precision": 0.8351827263832092,
    "bert_recall": 0.8601126670837402,
    "bert_f1": 0.8473300337791443,
    "bert_precision_std": 0.019078193232417107,
    "bert_recall_std": 0.025303855538368225,
    "bert_f1_std": 0.019646011292934418,
    "avg_prediction_length": 54.131332082551594,
    "avg_reference_length": 15.634146341463415,
    "avg_compression_ratio": 5.166378524148291,
    "length_difference_mae": 38.563227016885556,
    "avg_lexical_diversity": 0.9228699827935258,
    "lexical_diversity_std": 0.061812825464904735,
    "avg_coherence": 0.302421884977144,
    "coherence_std": 0.42383952326817254
  }
}