approach,rouge_1,rouge_2,rouge_l,bertscore_f1,coherence,lexical_diversity
zero_shot_instruct,0.08792619993503561,0.01363517231219756,0.0645336966870965,0.8229246139526367,0.5308758690001727,0.78026413958993
zero_shot_few_shot,0.10008200421360346,0.016960193021434936,0.0749214606298908,0.8294047713279724,0.4424934151517017,0.823061840319028
