{
  "zero_shot_instruct": {
    "rouge1": 0.08792619993503561,
    "rouge2": 0.01363517231219756,
    "rougeL": 0.0645336966870965,
    "rouge1_std": 0.09576737958688504,
    "rouge2_std": 0.02922300762693147,
    "rougeL_std": 0.0687041036985066,
    "bert_precision": 0.8024657964706421,
    "bert_recall": 0.8451118469238281,
    "bert_f1": 0.8229246139526367,
    "bert_precision_std": 0.04652559384703636,
    "bert_recall_std": 0.0304106418043375,
    "bert_f1_std": 0.03673958033323288,
    "avg_prediction_length": 40.02264150943396,
    "avg_reference_length": 15.567924528301887,
    "avg_compression_ratio": 3.868120564102333,
    "length_difference_mae": 28.556603773584907,
    "avg_lexical_diversity": 0.78026413958993,
    "lexical_diversity_std": 0.19646105635067077,
    "avg_coherence": 0.5308758690001727,
    "coherence_std": 0.47559425678324846
  },
  "zero_shot_few_shot": {
    "rouge1": 0.10008200421360346,
    "rouge2": 0.016960193021434936,
    "rougeL": 0.0749214606298908,
    "rouge1_std": 0.09296407288848524,
    "rouge2_std": 0.03506841631056951,
    "rougeL_std": 0.06817652998108675,
    "bert_precision": 0.8115068078041077,
    "bert_recall": 0.8486567735671997,
    "bert_f1": 0.8294047713279724,
    "bert_precision_std": 0.041960038244724274,
    "bert_recall_std": 0.029556581750512123,
    "bert_f1_std": 0.03386221081018448,
    "avg_prediction_length": 45.20754716981132,
    "avg_reference_length": 15.567924528301887,
    "avg_compression_ratio": 4.4566395346451095,
    "length_difference_mae": 32.96037735849057,
    "avg_lexical_diversity": 0.823061840319028,
    "lexical_diversity_std": 0.17856113806690485,
    "avg_coherence": 0.4424934151517017,
    "coherence_std": 0.47075569909200027
  }
}