Approach,ROUGE-1,ROUGE-2,ROUGE-L,BERTScore F1,Coherence,Compression Ratio
zero_shot_instruct,0.10416666666666666,0.021276595744680854,0.08333333333333333,0.8494296669960022,0.0625,2.3214285714285716
zero_shot_few_shot,0.14634146341463414,0.03305785123966942,0.08130081300813008,0.8489366173744202,0.027777777777777776,3.2857142857142856
