{
  "dataset_stats": {
    "total_samples": 7,
    "avg_content_length": 1109.4285714285713,
    "avg_summary_length": 114.28571428571429,
    "content_length_std": 510.36158983700216,
    "summary_length_std": 35.17439544950411,
    "unique_subreddits": 7,
    "top_subreddits": {
      "Guitar": 1,
      "rpg": 1,
      "GameDeals": 1,
      "asoiaf": 1,
      "AskReddit": 1,
      "askseddit": 1,
      "lgbt": 1
    },
    "score_distribution": {
      "mean": 0.0,
      "median": 0.0,
      "std": 0.0
    }
  },
  "zero_shot": {
    "zero_shot_instruct": {
      "rouge1": 0.10416666666666666,
      "rouge2": 0.021276595744680854,
      "rougeL": 0.08333333333333333,
      "rouge1_std": 0.0,
      "rouge2_std": 0.0,
      "rougeL_std": 0.0,
      "bert_precision": 0.8391577005386353,
      "bert_recall": 0.8599562644958496,
      "bert_f1": 0.8494296669960022,
      "bert_precision_std": NaN,
      "bert_recall_std": NaN,
      "bert_f1_std": NaN,
      "avg_prediction_length": 65.0,
      "avg_reference_length": 28.0,
      "avg_compression_ratio": 2.3214285714285716,
      "length_difference_mae": 37.0,
      "avg_lexical_diversity": 0.9142857142857143,
      "lexical_diversity_std": 0.0,
      "avg_coherence": 0.0625,
      "coherence_std": 0.0
    },
    "zero_shot_few_shot": {
      "rouge1": 0.14634146341463414,
      "rouge2": 0.03305785123966942,
      "rougeL": 0.08130081300813008,
      "rouge1_std": 0.0,
      "rouge2_std": 0.0,
      "rougeL_std": 0.0,
      "bert_precision": 0.8350006341934204,
      "bert_recall": 0.8633456230163574,
      "bert_f1": 0.8489366173744202,
      "bert_precision_std": NaN,
      "bert_recall_std": NaN,
      "bert_f1_std": NaN,
      "avg_prediction_length": 92.0,
      "avg_reference_length": 28.0,
      "avg_compression_ratio": 3.2857142857142856,
      "length_difference_mae": 64.0,
      "avg_lexical_diversity": 0.875,
      "lexical_diversity_std": 0.0,
      "avg_coherence": 0.027777777777777776,
      "coherence_std": 0.0
    }
  },
  "comparison": [
    {
      "Approach": "zero_shot_instruct",
      "ROUGE-1": 0.10416666666666666,
      "ROUGE-2": 0.021276595744680854,
      "ROUGE-L": 0.08333333333333333,
      "BERTScore F1": 0.8494296669960022,
      "Coherence": 0.0625,
      "Compression Ratio": 2.3214285714285716
    },
    {
      "Approach": "zero_shot_few_shot",
      "ROUGE-1": 0.14634146341463414,
      "ROUGE-2": 0.03305785123966942,
      "ROUGE-L": 0.08130081300813008,
      "BERTScore F1": 0.8489366173744202,
      "Coherence": 0.027777777777777776,
      "Compression Ratio": 3.2857142857142856
    }
  ]
}